{
 "himawari": {
  "n_px": 240000,
  "zero_pct": 77.75166666666667,
  "band_spearman": {
   "B01": -0.014,
   "B02": 0.011,
   "B03": 0.007,
   "B04": 0.021,
   "B05": -0.01,
   "B06": -0.019,
   "B07": -0.52,
   "B08": -0.504,
   "B09": -0.525,
   "B10": -0.54,
   "B11": -0.552,
   "B12": -0.532,
   "B13": -0.55,
   "B14": -0.551,
   "B15": -0.553,
   "B16": -0.544
  },
  "daynight": {
   "thr_visDN": 1.3,
   "window_sp_day": -0.502,
   "window_sp_night": -0.604,
   "visB_sp_day": 0.245,
   "visB_sp_night": 0.04
  }
 },
 "goes": {
  "n_px": 240000,
  "zero_pct": 73.65458333333333,
  "band_spearman": {
   "C01": 0.126,
   "C02": 0.12,
   "C03": 0.114,
   "C04": 0.164,
   "C05": 0.067,
   "C06": 0.102,
   "C07": -0.515,
   "C08": -0.438,
   "C09": -0.469,
   "C10": -0.502,
   "C11": -0.534,
   "C12": -0.512,
   "C13": -0.534,
   "C14": -0.533,
   "C15": -0.534,
   "C16": -0.523
  },
  "daynight": {
   "thr_visDN": 18.9,
   "window_sp_day": -0.557,
   "window_sp_night": -0.515,
   "visB_sp_day": 0.387,
   "visB_sp_night": 0.018
  }
 },
 "meteosat": {
  "n_px": 238500,
  "zero_pct": 88.26163522012578,
  "band_spearman": {
   "vis_04": 0.003,
   "vis_05": 0.008,
   "vis_06": 0.01,
   "vis_08": -0.014,
   "vis_09": -0.001,
   "nir_13": 0.034,
   "nir_16": -0.055,
   "nir_22": -0.031,
   "ir_38": -0.421,
   "wv_63": -0.359,
   "wv_73": -0.429,
   "ir_87": -0.436,
   "ir_97": -0.424,
   "ir_105": -0.435,
   "ir_123": -0.433,
   "ir_133": -0.428
  },
  "daynight": {
   "thr_visDN": 8.6,
   "window_sp_day": -0.406,
   "window_sp_night": -0.466,
   "visB_sp_day": 0.193,
   "visB_sp_night": 0.019
  }
 }
}